<?xml version="1.0" encoding="UTF-8"?>
<gfc:FC_FeatureCatalogue xmlns:xlink="http://www.w3.org/1999/xlink"
                         xmlns:gmd="http://www.isotc211.org/2005/gmd"
                         xmlns:gco="http://www.isotc211.org/2005/gco"
                         xmlns:gml="http://www.opengis.net/gml/3.2"
                         xmlns:xsi="http://www.w3.org/2001/XMLSchema-instance"
                         xmlns:gmi="http://www.isotc211.org/2005/gmi"
                         xmlns:gmx="http://www.isotc211.org/2005/gmx"
                         xmlns:gfc="http://www.isotc211.org/2005/gfc">
   <gmx:name>
      <gco:CharacterString/>
   </gmx:name>
   <gmx:scope>
      <gco:CharacterString/>
   </gmx:scope>
   <gmx:versionNumber>
      <gco:CharacterString>202204</gco:CharacterString>
   </gmx:versionNumber>
   <gmx:versionDate>
      <gco:Date>202204</gco:Date>
   </gmx:versionDate>
   <gmx:language>
      <gco:CharacterString>eng</gco:CharacterString>
   </gmx:language>
   <gmx:characterSet>
      <gmd:MD_CharacterSetCode codeList="http://www.isotc211.org/2005/resources/Codelist/gmxCodelists.xml#MD_CharacterSetCode"
                               codeListValue="UTF-8">UTF-8</gmd:MD_CharacterSetCode>
   </gmx:characterSet>
   <gfc:producer>
      <gmd:CI_ResponsibleParty>
         <gmd:organisationName>
            <gco:CharacterString>U.S. Department of Commerce, U.S. Census Bureau, Geography Division, Geographic Customer Services Branch</gco:CharacterString>
         </gmd:organisationName>
         <gmd:contactInfo>
            <gmd:CI_Contact>
               <gmd:phone>
                  <gmd:CI_Telephone>
                     <gmd:voice>
                        <gco:CharacterString>301.763.1128</gco:CharacterString>
                     </gmd:voice>
                     <gmd:facsimile>
                        <gco:CharacterString>301.763.4710</gco:CharacterString>
                     </gmd:facsimile>
                  </gmd:CI_Telephone>
               </gmd:phone>
               <gmd:address>
                  <gmd:CI_Address>
                     <gmd:deliveryPoint>
                        <gco:CharacterString>4600 Silver Hill Road</gco:CharacterString>
                     </gmd:deliveryPoint>
                     <gmd:city>
                        <gco:CharacterString>Washington</gco:CharacterString>
                     </gmd:city>
                     <gmd:administrativeArea>
                        <gco:CharacterString>DC</gco:CharacterString>
                     </gmd:administrativeArea>
                     <gmd:postalCode>
                        <gco:CharacterString>20233-7400</gco:CharacterString>
                     </gmd:postalCode>
                     <gmd:country>
                        <gco:CharacterString>United States</gco:CharacterString>
                     </gmd:country>
                     <gmd:electronicMailAddress>
                        <gco:CharacterString>geo.geography@census.gov</gco:CharacterString>
                     </gmd:electronicMailAddress>
                  </gmd:CI_Address>
               </gmd:address>
            </gmd:CI_Contact>
         </gmd:contactInfo>
         <gmd:role>
            <gmd:CI_RoleCode codeList="http://www.isotc211.org/2005/resources/Codelist/gmxCodelists.xml#CI_RoleCode"
                             codeListValue="custodian">custodian
                </gmd:CI_RoleCode>
         </gmd:role>
      </gmd:CI_ResponsibleParty>
   </gfc:producer>
   <gfc:featureType>
      <gfc:FC_FeatureType>
         <gfc:typeName>
            <gco:LocalName>cb_2021_06_scsd_500k.shp</gco:LocalName>
         </gfc:typeName>
         <gfc:definition>
            <gco:CharacterString>Current Secondary School District (state-based)</gco:CharacterString>
         </gfc:definition>
         <gfc:isAbstract>
            <gco:Boolean>false</gco:Boolean>
         </gfc:isAbstract>
         <gfc:featureCatalogue uuidref="cb_2021_06_scsd_500k.ea.iso.xml"/>
         <gfc:carrierOfCharacteristics>
            <gfc:FC_FeatureAttribute>
               <gfc:memberName>
                  <gco:LocalName>STATEFP</gco:LocalName>
               </gfc:memberName>
               <gfc:definition>
                  <gco:CharacterString>Current state Federal Information Processing Series (FIPS) code</gco:CharacterString>
               </gfc:definition>
               <gfc:cardinality gco:nilReason="unknown"/>
               <gfc:definitionReference xlink:title="U.S Census Bureau"
                                        xlink:href="http://www.ngdc.noaa.gov/docucomp/eb139e38-ee29-4d59-b157-5e874d4420c4"/>
               <gfc:listedValue>
                  <gfc:FC_ListedValue>
                     <gfc:label>
                        <gco:CharacterString>National Standard Codes (ANSI INCITS 38-2009), Federal Information Processing Series (FIPS) - States/State Equivalents</gco:CharacterString>
                     </gfc:label>
                     <gfc:definitionReference xlink:title="U.S Census Bureau"
                                              xlink:href="http://www.ngdc.noaa.gov/docucomp/eb139e38-ee29-4d59-b157-5e874d4420c4"/>
                  </gfc:FC_ListedValue>
               </gfc:listedValue>
            </gfc:FC_FeatureAttribute>
         </gfc:carrierOfCharacteristics>
         <gfc:carrierOfCharacteristics>
            <gfc:FC_FeatureAttribute>
               <gfc:memberName>
                  <gco:LocalName>SCSDLEA</gco:LocalName>
               </gfc:memberName>
               <gfc:definition>
                  <gco:CharacterString>Current secondary school district local education agency code</gco:CharacterString>
               </gfc:definition>
               <gfc:cardinality>
                  <gco:Multiplicity>
                     <gco:range>
                        <gco:MultiplicityRange>
                           <gco:lower>
                              <gco:Integer>00001</gco:Integer>
                           </gco:lower>
                           <gco:upper>
                              <gco:UnlimitedInteger>99996</gco:UnlimitedInteger>
                           </gco:upper>
                        </gco:MultiplicityRange>
                     </gco:range>
                  </gco:Multiplicity>
               </gfc:cardinality>
               <gfc:definitionReference>
                  <gfc:FC_DefinitionReference>
                     <gfc:definitionSource>
                        <gfc:FC_DefinitionSource>
                           <gfc:source>
                              <gmd:CI_Citation>
                                 <gmd:title>
                                    <gco:CharacterString>local school district</gco:CharacterString>
                                 </gmd:title>
                                 <gmd:date gco:nilReason="unknown"/>
                              </gmd:CI_Citation>
                           </gfc:source>
                        </gfc:FC_DefinitionSource>
                     </gfc:definitionSource>
                  </gfc:FC_DefinitionReference>
               </gfc:definitionReference>
            </gfc:FC_FeatureAttribute>
         </gfc:carrierOfCharacteristics>
         <gfc:carrierOfCharacteristics>
            <gfc:FC_FeatureAttribute>
               <gfc:memberName>
                  <gco:LocalName>AFFGEOID</gco:LocalName>
               </gfc:memberName>
               <gfc:definition>
                  <gco:CharacterString>American FactFinder summary level code + geovariant code + '00US' + GEOID</gco:CharacterString>
               </gfc:definition>
               <gfc:cardinality gco:nilReason="unknown"/>
               <gfc:definitionReference xlink:title="U.S Census Bureau"
                                        xlink:href="http://www.ngdc.noaa.gov/docucomp/eb139e38-ee29-4d59-b157-5e874d4420c4"/>
               <gfc:listedValue>
                  <gfc:FC_ListedValue>
                     <gfc:label>
                        <gco:CharacterString>American FactFinder geographic identifier</gco:CharacterString>
                     </gfc:label>
                     <gfc:definitionReference xlink:title="U.S Census Bureau"
                                              xlink:href="http://www.ngdc.noaa.gov/docucomp/eb139e38-ee29-4d59-b157-5e874d4420c4"/>
                  </gfc:FC_ListedValue>
               </gfc:listedValue>
            </gfc:FC_FeatureAttribute>
         </gfc:carrierOfCharacteristics>
         <gfc:carrierOfCharacteristics>
            <gfc:FC_FeatureAttribute>
               <gfc:memberName>
                  <gco:LocalName>GEOID</gco:LocalName>
               </gfc:memberName>
               <gfc:definition>
                  <gco:CharacterString>School district identifier; a concatenation of the current state Federal Information Processing Series (FIPS) code and secondary school district local education agency code</gco:CharacterString>
               </gfc:definition>
               <gfc:cardinality gco:nilReason="unknown"/>
               <gfc:definitionReference xlink:title="U.S Census Bureau"
                                        xlink:href="http://www.ngdc.noaa.gov/docucomp/eb139e38-ee29-4d59-b157-5e874d4420c4"/>
               <gfc:listedValue>
                  <gfc:FC_ListedValue>
                     <gfc:label gco:nilReason="inapplicable"/>
                     <gfc:definition>
                        <gco:CharacterString>The GEOID attribute is a concatenation of the state FIPS code followed by the secondary school district local education agency code. No spaces are allowed between the two codes. The State FIPS code is taken from "National Standard Codes (ANSI INCITS 38-2009), Federal Information Processing Series (FIPS) - States". The secondary school district local education agency code is taken from the "SCSDLEA" attribute.</gco:CharacterString>
                     </gfc:definition>
                  </gfc:FC_ListedValue>
               </gfc:listedValue>
            </gfc:FC_FeatureAttribute>
         </gfc:carrierOfCharacteristics>
         <gfc:carrierOfCharacteristics>
            <gfc:FC_FeatureAttribute>
               <gfc:memberName>
                  <gco:LocalName>NAME</gco:LocalName>
               </gfc:memberName>
               <gfc:definition>
                  <gco:CharacterString>Current secondary school district name</gco:CharacterString>
               </gfc:definition>
               <gfc:cardinality gco:nilReason="unknown"/>
               <gfc:definitionReference>
                  <gfc:FC_DefinitionReference>
                     <gfc:definitionSource>
                        <gfc:FC_DefinitionSource>
                           <gfc:source>
                              <gmd:CI_Citation>
                                 <gmd:title>
                                    <gco:CharacterString>local school district</gco:CharacterString>
                                 </gmd:title>
                                 <gmd:date gco:nilReason="unknown"/>
                              </gmd:CI_Citation>
                           </gfc:source>
                        </gfc:FC_DefinitionSource>
                     </gfc:definitionSource>
                  </gfc:FC_DefinitionReference>
               </gfc:definitionReference>
               <gfc:listedValue>
                  <gfc:FC_ListedValue>
                     <gfc:label gco:nilReason="inapplicable"/>
                     <gfc:definition>
                        <gco:CharacterString>Values for this attribute are composed of a set of secondary school district names. As such, they do not exist in a known, predefined set.</gco:CharacterString>
                     </gfc:definition>
                  </gfc:FC_ListedValue>
               </gfc:listedValue>
            </gfc:FC_FeatureAttribute>
         </gfc:carrierOfCharacteristics>
         <gfc:carrierOfCharacteristics>
            <gfc:FC_FeatureAttribute>
               <gfc:memberName>
                  <gco:LocalName>STUSPS</gco:LocalName>
               </gfc:memberName>
               <gfc:definition>
                  <gco:CharacterString>Current United States Postal Service state abbreviation</gco:CharacterString>
               </gfc:definition>
               <gfc:cardinality gco:nilReason="unknown"/>
               <gfc:definitionReference xlink:title="U.S. Postal Service"
                                        xlink:href="http://www.ngdc.noaa.gov/docucomp/2de06071-f4d0-49b7-bd93-ba7a38e5d911 "/>
               <gfc:listedValue>
                  <gfc:FC_ListedValue>
                     <gfc:label>
                        <gco:CharacterString>Publication 28 - Postal Addressing Standards</gco:CharacterString>
                     </gfc:label>
                     <gfc:definitionReference xlink:title="U.S. Postal Service"
                                              xlink:href="http://www.ngdc.noaa.gov/docucomp/2de06071-f4d0-49b7-bd93-ba7a38e5d911 "/>
                  </gfc:FC_ListedValue>
               </gfc:listedValue>
            </gfc:FC_FeatureAttribute>
         </gfc:carrierOfCharacteristics>
         <gfc:carrierOfCharacteristics>
            <gfc:FC_FeatureAttribute>
               <gfc:memberName>
                  <gco:LocalName>STATE_NAME</gco:LocalName>
               </gfc:memberName>
               <gfc:definition>
                  <gco:CharacterString>Current State name</gco:CharacterString>
               </gfc:definition>
               <gfc:cardinality gco:nilReason="unknown"/>
               <gfc:definitionReference xlink:title="U.S Census Bureau"
                                        xlink:href="http://www.ngdc.noaa.gov/docucomp/eb139e38-ee29-4d59-b157-5e874d4420c4"/>
               <gfc:listedValue>
                  <gfc:FC_ListedValue>
                     <gfc:label>
                        <gco:CharacterString>National Standard Codes (ANSI INCITS 38-2009), Federal Information Processing Series (FIPS) - States/State Equivalents</gco:CharacterString>
                     </gfc:label>
                     <gfc:definitionReference xlink:title="U.S Census Bureau"
                                              xlink:href="http://www.ngdc.noaa.gov/docucomp/eb139e38-ee29-4d59-b157-5e874d4420c4"/>
                  </gfc:FC_ListedValue>
               </gfc:listedValue>
            </gfc:FC_FeatureAttribute>
         </gfc:carrierOfCharacteristics>
         <gfc:carrierOfCharacteristics>
            <gfc:FC_FeatureAttribute>
               <gfc:memberName>
                  <gco:LocalName>LSAD</gco:LocalName>
               </gfc:memberName>
               <gfc:definition>
                  <gco:CharacterString>Current legal/statistical area description code for secondary school district</gco:CharacterString>
               </gfc:definition>
               <gfc:cardinality gco:nilReason="unknown"/>
               <gfc:definitionReference xlink:title="U.S Census Bureau"
                                        xlink:href="http://www.ngdc.noaa.gov/docucomp/eb139e38-ee29-4d59-b157-5e874d4420c4"/>
               <gfc:listedValue>
                  <gfc:FC_ListedValue>
                     <gfc:label>
                        <gco:CharacterString>00</gco:CharacterString>
                     </gfc:label>
                     <gfc:definition>
                        <gco:CharacterString>Blank</gco:CharacterString>
                     </gfc:definition>
                     <gfc:definitionReference xlink:title="U.S Census Bureau"
                                              xlink:href="http://www.ngdc.noaa.gov/docucomp/eb139e38-ee29-4d59-b157-5e874d4420c4"/>
                  </gfc:FC_ListedValue>
               </gfc:listedValue>
            </gfc:FC_FeatureAttribute>
         </gfc:carrierOfCharacteristics>
         <gfc:carrierOfCharacteristics>
            <gfc:FC_FeatureAttribute>
               <gfc:memberName>
                  <gco:LocalName>ALAND</gco:LocalName>
               </gfc:memberName>
               <gfc:definition>
                  <gco:CharacterString>Current land area (square meters)</gco:CharacterString>
               </gfc:definition>
               <gfc:cardinality>
                  <gco:Multiplicity>
                     <gco:range>
                        <gco:MultiplicityRange>
                           <gco:lower>
                              <gco:Integer>0</gco:Integer>
                           </gco:lower>
                           <gco:upper>
                              <gco:UnlimitedInteger>9999999</gco:UnlimitedInteger>
                           </gco:upper>
                        </gco:MultiplicityRange>
                     </gco:range>
                  </gco:Multiplicity>
               </gfc:cardinality>
               <gfc:definitionReference xlink:title="U.S Census Bureau"
                                        xlink:href="http://www.ngdc.noaa.gov/docucomp/eb139e38-ee29-4d59-b157-5e874d4420c4"/>
            </gfc:FC_FeatureAttribute>
         </gfc:carrierOfCharacteristics>
         <gfc:carrierOfCharacteristics>
            <gfc:FC_FeatureAttribute>
               <gfc:memberName>
                  <gco:LocalName>AWATER</gco:LocalName>
               </gfc:memberName>
               <gfc:definition>
                  <gco:CharacterString>Current water area (square meters)</gco:CharacterString>
               </gfc:definition>
               <gfc:cardinality>
                  <gco:Multiplicity>
                     <gco:range>
                        <gco:MultiplicityRange>
                           <gco:lower>
                              <gco:Integer>0</gco:Integer>
                           </gco:lower>
                           <gco:upper>
                              <gco:UnlimitedInteger>9999999</gco:UnlimitedInteger>
                           </gco:upper>
                        </gco:MultiplicityRange>
                     </gco:range>
                  </gco:Multiplicity>
               </gfc:cardinality>
               <gfc:definitionReference xlink:title="U.S Census Bureau"
                                        xlink:href="http://www.ngdc.noaa.gov/docucomp/eb139e38-ee29-4d59-b157-5e874d4420c4"/>
            </gfc:FC_FeatureAttribute>
         </gfc:carrierOfCharacteristics>
      </gfc:FC_FeatureType>
   </gfc:featureType>
</gfc:FC_FeatureCatalogue>